id;id_cliente;fecha_creacion;fecha_cita;hora;email_cliente;foto_diseno;foto_diseno_content_type;valor_tatto;valor_pagado;abono;deuda;estado;descripcion
1;98764;2022-01-27T11:38:26;2022-01-27T11:09:03;deliverables plataforma Asociado;Costa;../fake-data/blob/hipster.png;image/png;24519;51729;47578;62511;ubiquitous HDD;Ruanda
2;66864;2022-01-27T20:22:17;2022-01-27T12:33:26;Bedfordshire Account Hogar;Contabilidad;../fake-data/blob/hipster.png;image/png;25631;69082;81243;34561;cara wireless Hormigon;mission-critical Contabilidad
3;41950;2022-01-27T03:43:02;2022-01-27T13:07:22;Papelería syndicate;24;../fake-data/blob/hipster.png;image/png;10539;68570;33573;76189;Bicicleta FTP;Panamá Bedfordshire
4;97373;2022-01-27T14:25:23;2022-01-27T12:03:22;Soluciones compressing back-end;Cambridgeshire;../fake-data/blob/hipster.png;image/png;85253;99757;87195;62003;compress programming;Agente
5;13574;2022-01-27T16:27:53;2022-01-27T09:36:28;Canadian;blockchains Loan;../fake-data/blob/hipster.png;image/png;86027;84816;15123;65931;applications initiatives línea;metrics
6;47311;2022-01-27T04:47:17;2022-01-27T17:16:47;plug-and-play Platinum Hormigon;Poland;../fake-data/blob/hipster.png;image/png;4458;28488;70056;20226;Productor Innovador;Colonia Guapo Seguridada
7;4835;2022-01-27T16:37:57;2022-01-27T12:47:33;Re-implementado redefine;Hormigon Bedfordshire Morado;../fake-data/blob/hipster.png;image/png;14596;30211;11926;72176;input;Usabilidad estable
8;84395;2022-01-27T01:27:33;2022-01-27T18:48:52;content services;Electrónica;../fake-data/blob/hipster.png;image/png;17285;41114;16802;52490;transmit;Operaciones
9;37830;2022-01-27T00:21:36;2022-01-27T09:21:35;website Director withdrawal;Universal;../fake-data/blob/hipster.png;image/png;85883;20299;17900;23398;Increible Kyat;compress Avon Hecho
10;40388;2022-01-27T13:20:15;2022-01-27T09:43:28;Infraestructura;Pelota Nakfa;../fake-data/blob/hipster.png;image/png;62089;73169;80978;75524;Congolese monitorizar;Personal
